"時点","地域コード","地域","出生数【人】","注記"
"1978年1月","00000","全国","143183",""
"1978年2月","00000","全国","130895",""
"1978年3月","00000","全国","139622",""
"1978年4月","00000","全国","140734",""
"1978年5月","00000","全国","150745",""
"1978年6月","00000","全国","142005",""
"1978年7月","00000","全国","152723",""
"1978年8月","00000","全国","150310",""
"1978年9月","00000","全国","143002",""
"1978年10月","00000","全国","140994",""
"1978年11月","00000","全国","133077",""
"1978年12月","00000","全国","141353",""
"1979年1月","00000","全国","140668",""
"1979年2月","00000","全国","125702",""
"1979年3月","00000","全国","133386",""
"1979年4月","00000","全国","130279",""
"1979年5月","00000","全国","139140",""
"1979年6月","00000","全国","135608",""
"1979年7月","00000","全国","144092",""
"1979年8月","00000","全国","145434",""
"1979年9月","00000","全国","139959",""
"1979年10月","00000","全国","141386",""
"1979年11月","00000","全国","129744",""
"1979年12月","00000","全国","137182",""
"1980年1月","00000","全国","135848",""
"1980年2月","00000","全国","125070",""
"1980年3月","00000","全国","129692",""
"1980年4月","00000","全国","128240",""
"1980年5月","00000","全国","134367",""
"1980年6月","00000","全国","128227",""
"1980年7月","00000","全国","138952",""
"1980年8月","00000","全国","138266",""
"1980年9月","00000","全国","136886",""
"1980年10月","00000","全国","133342",""
"1980年11月","00000","全国","120455",""
"1980年12月","00000","全国","127544",""
"1981年1月","00000","全国","127356",""
"1981年2月","00000","全国","117324",""
"1981年3月","00000","全国","124117",""
"1981年4月","00000","全国","125800",""
"1981年5月","00000","全国","130663",""
"1981年6月","00000","全国","125310",""
"1981年7月","00000","全国","135137",""
"1981年8月","00000","全国","134770",""
"1981年9月","00000","全国","133295",""
"1981年10月","00000","全国","130813",""
"1981年11月","00000","全国","118667",""
"1981年12月","00000","全国","126203",""
"1982年1月","00000","全国","125918",""
"1982年2月","00000","全国","114176",""
"1982年3月","00000","全国","119541",""
"1982年4月","00000","全国","118768",""
"1982年5月","00000","全国","127009",""
"1982年6月","00000","全国","126734",""
"1982年7月","00000","全国","137024",""
"1982年8月","00000","全国","138478",""
"1982年9月","00000","全国","133150",""
"1982年10月","00000","全国","128288",""
"1982年11月","00000","全国","118708",""
"1982年12月","00000","全国","127598",""
"1983年1月","00000","全国","125821",""
"1983年2月","00000","全国","113421",""
"1983年3月","00000","全国","124437",""
"1983年4月","00000","全国","124646",""
"1983年5月","00000","全国","128176",""
"1983年6月","00000","全国","122982",""
"1983年7月","00000","全国","134823",""
"1983年8月","00000","全国","133733",""
"1983年9月","00000","全国","129111",""
"1983年10月","00000","全国","125266",""
"1983年11月","00000","全国","119127",""
"1983年12月","00000","全国","127144",""
"1984年1月","00000","全国","124743",""
"1984年2月","00000","全国","116152",""
"1984年3月","00000","全国","123614",""
"1984年4月","00000","全国","118265",""
"1984年5月","00000","全国","124664",""
"1984年6月","00000","全国","119351",""
"1984年7月","00000","全国","134464",""
"1984年8月","00000","全国","134734",""
"1984年9月","00000","全国","126899",""
"1984年10月","00000","全国","125459",""
"1984年11月","00000","全国","117753",""
"1984年12月","00000","全国","123682",""
"1985年1月","00000","全国","120404",""
"1985年2月","00000","全国","110470",""
"1985年3月","00000","全国","115172",""
"1985年4月","00000","全国","114977",""
"1985年5月","00000","全国","120997",""
"1985年6月","00000","全国","116341",""
"1985年7月","00000","全国","130375",""
"1985年8月","00000","全国","126433",""
"1985年9月","00000","全国","122563",""
"1985年10月","00000","全国","123053",""
"1985年11月","00000","全国","111961",""
"1985年12月","00000","全国","118831",""
"1986年1月","00000","全国","115725",""
"1986年2月","00000","全国","105520",""
"1986年3月","00000","全国","113925",""
"1986年4月","00000","全国","110660",""
"1986年5月","00000","全国","116126",""
"1986年6月","00000","全国","114143",""
"1986年7月","00000","全国","123741",""
"1986年8月","00000","全国","118972",""
"1986年9月","00000","全国","117616",""
"1986年10月","00000","全国","119692",""
"1986年11月","00000","全国","110269",""
"1986年12月","00000","全国","116557",""
"1987年1月","00000","全国","113130",""
"1987年2月","00000","全国","101619",""
"1987年3月","00000","全国","112072",""
"1987年4月","00000","全国","109459",""
"1987年5月","00000","全国","116004",""
"1987年6月","00000","全国","112886",""
"1987年7月","00000","全国","121525",""
"1987年8月","00000","全国","117306",""
"1987年9月","00000","全国","113287",""
"1987年10月","00000","全国","112275",""
"1987年11月","00000","全国","105854",""
"1987年12月","00000","全国","111241",""
"1988年1月","00000","全国","106395",""
"1988年2月","00000","全国","98756",""
"1988年3月","00000","全国","106419",""
"1988年4月","00000","全国","105059",""
"1988年5月","00000","全国","109922",""
"1988年6月","00000","全国","108663",""
"1988年7月","00000","全国","115287",""
"1988年8月","00000","全国","118994",""
"1988年9月","00000","全国","115611",""
"1988年10月","00000","全国","114451",""
"1988年11月","00000","全国","106814",""
"1988年12月","00000","全国","107635",""
"1989年1月","00000","全国","105421",""
"1989年2月","00000","全国","94305",""
"1989年3月","00000","全国","103074",""
"1989年4月","00000","全国","101035",""
"1989年5月","00000","全国","106984",""
"1989年6月","00000","全国","101018",""
"1989年7月","00000","全国","108412",""
"1989年8月","00000","全国","109357",""
"1989年9月","00000","全国","103748",""
"1989年10月","00000","全国","104883",""
"1989年11月","00000","全国","101612",""
"1989年12月","00000","全国","106953",""
"1990年1月","00000","全国","104065",""
"1990年2月","00000","全国","92531",""
"1990年3月","00000","全国","101119",""
"1990年4月","00000","全国","99284",""
"1990年5月","00000","全国","106308",""
"1990年6月","00000","全国","99869",""
"1990年7月","00000","全国","107568",""
"1990年8月","00000","全国","106991",""
"1990年9月","00000","全国","102113",""
"1990年10月","00000","全国","102899",""
"1990年11月","00000","全国","97078",""
"1990年12月","00000","全国","101760",""
"1991年1月","00000","全国","101310",""
"1991年2月","00000","全国","91477",""
"1991年3月","00000","全国","99731",""
"1991年4月","00000","全国","98175",""
"1991年5月","00000","全国","104204",""
"1991年6月","00000","全国","100529",""
"1991年7月","00000","全国","107970",""
"1991年8月","00000","全国","106426",""
"1991年9月","00000","全国","104097",""
"1991年10月","00000","全国","106709",""
"1991年11月","00000","全国","98662",""
"1991年12月","00000","全国","103955",""
"1992年1月","00000","全国","100287",""
"1992年2月","00000","全国","92589",""
"1992年3月","00000","全国","97330",""
"1992年4月","00000","全国","97678",""
"1992年5月","00000","全国","103125",""
"1992年6月","00000","全国","100783",""
"1992年7月","00000","全国","108168",""
"1992年8月","00000","全国","104600",""
"1992年9月","00000","全国","105409",""
"1992年10月","00000","全国","102734",""
"1992年11月","00000","全国","95337",""
"1992年12月","00000","全国","100949",""
"1993年1月","00000","全国","99809",""
"1993年2月","00000","全国","89513",""
"1993年3月","00000","全国","98235",""
"1993年4月","00000","全国","96974",""
"1993年5月","00000","全国","101393",""
"1993年6月","00000","全国","99518",""
"1993年7月","00000","全国","105382",""
"1993年8月","00000","全国","104385",""
"1993年9月","00000","全国","101086",""
"1993年10月","00000","全国","97118",""
"1993年11月","00000","全国","94723",""
"1993年12月","00000","全国","100146",""
"1994年1月","00000","全国","101150",""
"1994年2月","00000","全国","92036",""
"1994年3月","00000","全国","101124",""
"1994年4月","00000","全国","100103",""
"1994年5月","00000","全国","105206",""
"1994年6月","00000","全国","102382",""
"1994年7月","00000","全国","109896",""
"1994年8月","00000","全国","109101",""
"1994年9月","00000","全国","105906",""
"1994年10月","00000","全国","105981",""
"1994年11月","00000","全国","101019",""
"1994年12月","00000","全国","104424",""
"1995年1月","00000","全国","102692",""
"1995年2月","00000","全国","90495",""
"1995年3月","00000","全国","98348",""
"1995年4月","00000","全国","95520",""
"1995年5月","00000","全国","101422",""
"1995年6月","00000","全国","99783",""
"1995年7月","00000","全国","105878",""
"1995年8月","00000","全国","105391",""
"1995年9月","00000","全国","100759",""
"1995年10月","00000","全国","96208",""
"1995年11月","00000","全国","92999",""
"1995年12月","00000","全国","97569",""
"1996年1月","00000","全国","98837",""
"1996年2月","00000","全国","92664",""
"1996年3月","00000","全国","96686",""
"1996年4月","00000","全国","97939",""
"1996年5月","00000","全国","104037",""
"1996年6月","00000","全国","99621",""
"1996年7月","00000","全国","107672",""
"1996年8月","00000","全国","104832",""
"1996年9月","00000","全国","103442",""
"1996年10月","00000","全国","104634",""
"1996年11月","00000","全国","96903",""
"1996年12月","00000","全国","99288",""
"1997年1月","00000","全国","100094",""
"1997年2月","00000","全国","88370",""
"1997年3月","00000","全国","96481",""
"1997年4月","00000","全国","95741",""
"1997年5月","00000","全国","104980",""
"1997年6月","00000","全国","100265",""
"1997年7月","00000","全国","106929",""
"1997年8月","00000","全国","103388",""
"1997年9月","00000","全国","99935",""
"1997年10月","00000","全国","100329",""
"1997年11月","00000","全国","94887",""
"1997年12月","00000","全国","100266",""
"1998年1月","00000","全国","99928",""
"1998年2月","00000","全国","89559",""
"1998年3月","00000","全国","98303",""
"1998年4月","00000","全国","98225",""
"1998年5月","00000","全国","102052",""
"1998年6月","00000","全国","101074",""
"1998年7月","00000","全国","108093",""
"1998年8月","00000","全国","105304",""
"1998年9月","00000","全国","104695",""
"1998年10月","00000","全国","101428",""
"1998年11月","00000","全国","94007",""
"1998年12月","00000","全国","100479",""
"1999年1月","00000","全国","100349",""
"1999年2月","00000","全国","89861",""
"1999年3月","00000","全国","97176",""
"1999年4月","00000","全国","97863",""
"1999年5月","00000","全国","99474",""
"1999年6月","00000","全国","97744",""
"1999年7月","00000","全国","103713",""
"1999年8月","00000","全国","103206",""
"1999年9月","00000","全国","100320",""
"1999年10月","00000","全国","95781",""
"1999年11月","00000","全国","93595",""
"1999年12月","00000","全国","98587",""
"2000年1月","00000","全国","101351",""
"2000年2月","00000","全国","93683",""
"2000年3月","00000","全国","98985",""
"2000年4月","00000","全国","94902",""
"2000年5月","00000","全国","100134",""
"2000年6月","00000","全国","95465",""
"2000年7月","00000","全国","102806",""
"2000年8月","00000","全国","103706",""
"2000年9月","00000","全国","103131",""
"2000年10月","00000","全国","100752",""
"2000年11月","00000","全国","96407",""
"2000年12月","00000","全国","99225",""
"2001年1月","00000","全国","99647",""
"2001年2月","00000","全国","88001",""
"2001年3月","00000","全国","94653",""
"2001年4月","00000","全国","93106",""
"2001年5月","00000","全国","99540",""
"2001年6月","00000","全国","95160",""
"2001年7月","00000","全国","101511",""
"2001年8月","00000","全国","102745",""
"2001年9月","00000","全国","102619",""
"2001年10月","00000","全国","103308",""
"2001年11月","00000","全国","94650",""
"2001年12月","00000","全国","95722",""
"2002年1月","00000","全国","98407",""
"2002年2月","00000","全国","88750",""
"2002年3月","00000","全国","95563",""
"2002年4月","00000","全国","93832",""
"2002年5月","00000","全国","98589",""
"2002年6月","00000","全国","93373",""
"2002年7月","00000","全国","102331",""
"2002年8月","00000","全国","100775",""
"2002年9月","00000","全国","99261",""
"2002年10月","00000","全国","97586",""
"2002年11月","00000","全国","90400",""
"2002年12月","00000","全国","94988",""
"2003年1月","00000","全国","96324",""
"2003年2月","00000","全国","84712",""
"2003年3月","00000","全国","92321",""
"2003年4月","00000","全国","91416",""
"2003年5月","00000","全国","95863",""
"2003年6月","00000","全国","91671",""
"2003年7月","00000","全国","99235",""
"2003年8月","00000","全国","97381",""
"2003年9月","00000","全国","95173",""
"2003年10月","00000","全国","95853",""
"2003年11月","00000","全国","89082",""
"2003年12月","00000","全国","94579",""
"2004年1月","00000","全国","94171",""
"2004年2月","00000","全国","87080",""
"2004年3月","00000","全国","93251",""
"2004年4月","00000","全国","91581",""
"2004年5月","00000","全国","91952",""
"2004年6月","00000","全国","89451",""
"2004年7月","00000","全国","97373",""
"2004年8月","00000","全国","94517",""
"2004年9月","00000","全国","95947",""
"2004年10月","00000","全国","92463",""
"2004年11月","00000","全国","90221",""
"2004年12月","00000","全国","92714",""
"2005年1月","00000","全国","92842",""
"2005年2月","00000","全国","80875",""
"2005年3月","00000","全国","89541",""
"2005年4月","00000","全国","86281",""
"2005年5月","00000","全国","87151",""
"2005年6月","00000","全国","87165",""
"2005年7月","00000","全国","90976",""
"2005年8月","00000","全国","92455",""
"2005年9月","00000","全国","92705",""
"2005年10月","00000","全国","90770",""
"2005年11月","00000","全国","83990",""
"2005年12月","00000","全国","87779",""
"2006年1月","00000","全国","90977",""
"2006年2月","00000","全国","82851",""
"2006年3月","00000","全国","90903",""
"2006年4月","00000","全国","87981",""
"2006年5月","00000","全国","92228",""
"2006年6月","00000","全国","89773",""
"2006年7月","00000","全国","93813",""
"2006年8月","00000","全国","95200",""
"2006年9月","00000","全国","93137",""
"2006年10月","00000","全国","93524",""
"2006年11月","00000","全国","90053",""
"2006年12月","00000","全国","92234",""
"2007年1月","00000","全国","91885",""
"2007年2月","00000","全国","81794",""
"2007年3月","00000","全国","89701",""
"2007年4月","00000","全国","87369",""
"2007年5月","00000","全国","91894",""
"2007年6月","00000","全国","88833",""
"2007年7月","00000","全国","94050",""
"2007年8月","00000","全国","94487",""
"2007年9月","00000","全国","92946",""
"2007年10月","00000","全国","96066",""
"2007年11月","00000","全国","89689",""
"2007年12月","00000","全国","91104",""
"2008年1月","00000","全国","91675",""
"2008年2月","00000","全国","85021",""
"2008年3月","00000","全国","89185",""
"2008年4月","00000","全国","88047",""
"2008年5月","00000","全国","91523",""
"2008年6月","00000","全国","87541",""
"2008年7月","00000","全国","94982",""
"2008年8月","00000","全国","93720",""
"2008年9月","00000","全国","95118",""
"2008年10月","00000","全国","94630",""
"2008年11月","00000","全国","87388",""
"2008年12月","00000","全国","92326",""
"2009年1月","00000","全国","91320",""
"2009年2月","00000","全国","80924",""
"2009年3月","00000","全国","87865",""
"2009年4月","00000","全国","87207",""
"2009年5月","00000","全国","87242",""
"2009年6月","00000","全国","87313",""
"2009年7月","00000","全国","93968",""
"2009年8月","00000","全国","91793",""
"2009年9月","00000","全国","92075",""
"2009年10月","00000","全国","92997",""
"2009年11月","00000","全国","85752",""
"2009年12月","00000","全国","91580",""
"2010年1月","00000","全国","90577",""
"2010年2月","00000","全国","81334",""
"2010年3月","00000","全国","87853",""
"2010年4月","00000","全国","87312",""
"2010年5月","00000","全国","86721",""
"2010年6月","00000","全国","89532",""
"2010年7月","00000","全国","93040",""
"2010年8月","00000","全国","92467",""
"2010年9月","00000","全国","92104",""
"2010年10月","00000","全国","92270",""
"2010年11月","00000","全国","88225",""
"2010年12月","00000","全国","89870",""
"2011年1月","00000","全国","88493",""
"2011年2月","00000","全国","79755",""
"2011年3月","00000","全国","87512",""
"2011年4月","00000","全国","85254",""
"2011年5月","00000","全国","86491",""
"2011年6月","00000","全国","87266",""
"2011年7月","00000","全国","91383",""
"2011年8月","00000","全国","93066",""
"2011年9月","00000","全国","92497",""
"2011年10月","00000","全国","89180",""
"2011年11月","00000","全国","84667",""
"2011年12月","00000","全国","85243",""
"2012年1月","00000","全国","87680",""
"2012年2月","00000","全国","81469",""
"2012年3月","00000","全国","83749",""
"2012年4月","00000","全国","81719",""
"2012年5月","00000","全国","85841",""
"2012年6月","00000","全国","83451",""
"2012年7月","00000","全国","90537",""
"2012年8月","00000","全国","90906",""
"2012年9月","00000","全国","89758",""
"2012年10月","00000","全国","90438",""
"2012年11月","00000","全国","85577",""
"2012年12月","00000","全国","86107",""
"2013年1月","00000","全国","85853",""
"2013年2月","00000","全国","77066",""
"2013年3月","00000","全国","82998",""
"2013年4月","00000","全国","81856",""
"2013年5月","00000","全国","85297",""
"2013年6月","00000","全国","82397",""
"2013年7月","00000","全国","91467",""
"2013年8月","00000","全国","92118",""
"2013年9月","00000","全国","90618",""
"2013年10月","00000","全国","90667",""
"2013年11月","00000","全国","83126",""
"2013年12月","00000","全国","86354",""
"2014年1月","00000","全国","83572",""
"2014年2月","00000","全国","73897",""
"2014年3月","00000","全国","79340",""
"2014年4月","00000","全国","78843",""
"2014年5月","00000","全国","83316",""
"2014年6月","00000","全国","81408",""
"2014年7月","00000","全国","89527",""
"2014年8月","00000","全国","87739",""
"2014年9月","00000","全国","90320",""
"2014年10月","00000","全国","88599",""
"2014年11月","00000","全国","80997",""
"2014年12月","00000","全国","86051",""
"2015年1月","00000","全国","84742",""
"2015年2月","00000","全国","75992",""
"2015年3月","00000","全国","81943",""
"2015年4月","00000","全国","83410",""
"2015年5月","00000","全国","83831",""
"2015年6月","00000","全国","83202",""
"2015年7月","00000","全国","88614",""
"2015年8月","00000","全国","86359",""
"2015年9月","00000","全国","86833",""
"2015年10月","00000","全国","85826",""
"2015年11月","00000","全国","80660",""
"2015年12月","00000","全国","84309",""
"2016年1月","00000","全国","82292",""
"2016年2月","00000","全国","76766",""
"2016年3月","00000","全国","81210",""
"2016年4月","00000","全国","79755",""
"2016年5月","00000","全国","80908",""
"2016年6月","00000","全国","80548",""
"2016年7月","00000","全国","85030",""
"2016年8月","00000","全国","84977",""
"2016年9月","00000","全国","85011",""
"2016年10月","00000","全国","83295",""
"2016年11月","00000","全国","77964",""
"2016年12月","00000","全国","79486",""
"2017年1月","00000","全国","79318",""
"2017年2月","00000","全国","71881",""
"2017年3月","00000","全国","78171",""
"2017年4月","00000","全国","76320",""
"2017年5月","00000","全国","79969",""
"2017年6月","00000","全国","77148",""
"2017年7月","00000","全国","80693",""
"2017年8月","00000","全国","83061",""
"2017年9月","00000","全国","81943",""
"2017年10月","00000","全国","81124",""
"2017年11月","00000","全国","77077",""
"2017年12月","00000","全国","79441",""
"2018年1月","00000","全国","78180",""
"2018年2月","00000","全国","69567",""
"2018年3月","00000","全国","74890",""
"2018年4月","00000","全国","74412",""
"2018年5月","00000","全国","78741",""
"2018年6月","00000","全国","75906",""
"2018年7月","00000","全国","79999",""
"2018年8月","00000","全国","80755",""
"2018年9月","00000","全国","77562",""
"2018年10月","00000","全国","78692",""
"2018年11月","00000","全国","74540",""
"2018年12月","00000","全国","75156",""
"2019年1月","00000","全国","72864",""
"2019年2月","00000","全国","64376",""
"2019年3月","00000","全国","69420",""
"2019年4月","00000","全国","70154",""
"2019年5月","00000","全国","75171",""
"2019年6月","00000","全国","71154",""
"2019年7月","00000","全国","76046",""
"2019年8月","00000","全国","75705",""
"2019年9月","00000","全国","73973",""
"2019年10月","00000","全国","74007",""
"2019年11月","00000","全国","69795",""
"2019年12月","00000","全国","72574",""
"2020年1月","00000","全国","71146",""
"2020年2月","00000","全国","64497",""
"2020年3月","00000","全国","68145",""
"2020年4月","00000","全国","70623",""
"2020年5月","00000","全国","70724",""
"2020年6月","00000","全国","70271",""
"2020年7月","00000","全国","74292",""
"2020年8月","00000","全国","73095",""
"2020年9月","00000","全国","73055",""
"2020年10月","00000","全国","71789",""
"2020年11月","00000","全国","66489",""
"2020年12月","00000","全国","66709",""
"2021年1月","00000","全国","61040",""
"2021年2月","00000","全国","57533",""
"2021年3月","00000","全国","66086",""
"2021年4月","00000","全国","68663",""
"2021年5月","00000","全国","67893",""
"2021年6月","00000","全国","68694",""
"2021年7月","00000","全国","72301",""
"2021年8月","00000","全国","72615",""
"2021年9月","00000","全国","72844",""
"2021年10月","00000","全国","70616",""
"2021年11月","00000","全国","66780",""
"2021年12月","00000","全国","66557",""
"2022年1月","00000","全国","64721",""
"2022年2月","00000","全国","56868",""
"2022年3月","00000","全国","62352",""
"2022年4月","00000","全国","62209",""
"2022年5月","00000","全国","61938",""
"2022年6月","00000","全国","62432",""
"2022年7月","00000","全国","66757",""
"2022年8月","00000","全国","70950",""
"2022年9月","00000","全国","69953",""
"2022年10月","00000","全国","67449",""
"2022年11月","00000","全国","62967",""
"2022年12月","00000","全国","62163",""
"2023年1月","00000","全国","60638",""
"2023年2月","00000","全国","54529",""
"2023年3月","00000","全国","58499",""
"2023年4月","00000","全国","58927",""
"2023年5月","00000","全国","61005",""
"2023年6月","00000","全国","61462",""
"2023年7月","00000","全国","64566",""
"2023年8月","00000","全国","64972",""
"2023年9月","00000","全国","61699",""
"2023年10月","00000","全国","61402",""
"2023年11月","00000","全国","59382",""
"2023年12月","00000","全国","60207",""
"2024年1月","00000","全国","57250",""
"2024年2月","00000","全国","52008",""
"2024年3月","00000","全国","52848",""
"2024年4月","00000","全国","56642",""
"2024年5月","00000","全国","58811",""
"2024年6月","00000","全国","55820",""
"2024年7月","00000","全国","62285",""
"2024年8月","00000","全国","60442",""
"2024年9月","00000","全国","57896",""
"2024年10月","00000","全国","59950",""
"2024年11月","00000","全国","55213",""
"2024年12月","00000","全国","57008",""
"2025年1月","00000","全国","51816","速報"
"2025年2月","00000","全国","48256","速報"
"2025年3月","00000","全国","50767","速報"
"2025年4月","00000","全国","54686","速報"
"2025年5月","00000","全国","57896","速報"
"2025年6月","00000","全国","55658","速報"
"2025年7月","00000","全国","60650","速報"
"2025年8月","00000","全国","58976","速報"
"2025年9月","00000","全国","57407","速報"
"2025年10月","00000","全国","59979","速報"
"2025年11月","00000","全国","54047","速報"
"2025年12月","00000","全国","61098","速報"
"2026年1月","00000","全国","51874","速報"
"2026年2月","00000","全国","47904","速報"
"1978年","00000","全国","1708643",""
"1979年","00000","全国","1642580",""
"1980年","00000","全国","1576889",""
"1981年","00000","全国","1529455",""
"1982年","00000","全国","1515392",""
"1983年","00000","全国","1508687",""
"1984年","00000","全国","1489780",""
"1985年","00000","全国","1431577",""
"1986年","00000","全国","1382946",""
"1987年","00000","全国","1346658",""
"1988年","00000","全国","1314006",""
"1989年","00000","全国","1246802",""
"1990年","00000","全国","1221585",""
"1991年","00000","全国","1223245",""
"1992年","00000","全国","1208989",""
"1993年","00000","全国","1188282",""
"1994年","00000","全国","1238328",""
"1995年","00000","全国","1187064",""
"1996年","00000","全国","1206555",""
"1997年","00000","全国","1191665",""
"1998年","00000","全国","1203147",""
"1999年","00000","全国","1177669",""
"2000年","00000","全国","1190547",""
"2001年","00000","全国","1170662",""
"2002年","00000","全国","1153855",""
"2003年","00000","全国","1123610",""
"2004年","00000","全国","1110721",""
"2005年","00000","全国","1062530",""
"2006年","00000","全国","1092674",""
"2007年","00000","全国","1089818",""
"2008年","00000","全国","1091156",""
"2009年","00000","全国","1070036",""
"2010年","00000","全国","1071305",""
"2011年","00000","全国","1050807",""
"2012年","00000","全国","1037232",""
"2013年","00000","全国","1029817",""
"2014年","00000","全国","1003609",""
"2015年","00000","全国","1005721",""
"2016年","00000","全国","977242",""
"2017年","00000","全国","946146",""
"2018年","00000","全国","918400",""
"2019年","00000","全国","865239",""
"2020年","00000","全国","840835",""
"2021年","00000","全国","811622",""
"2022年","00000","全国","770759",""
"2023年","00000","全国","727288",""
"2024年","00000","全国","686173",""
"2025年","00000","全国","671236","速報"
"1995年","01000","北海道","49950",""
"1996年","01000","北海道","49784",""
"1997年","01000","北海道","48912",""
"1998年","01000","北海道","49065",""
"1999年","01000","北海道","46680",""
"2000年","01000","北海道","46780",""
"2001年","01000","北海道","46236",""
"2002年","01000","北海道","46101",""
"2003年","01000","北海道","44939",""
"2004年","01000","北海道","44020",""
"2005年","01000","北海道","41420",""
"2006年","01000","北海道","42204",""
"2007年","01000","北海道","41550",""
"2008年","01000","北海道","41074",""
"2009年","01000","北海道","40165",""
"2010年","01000","北海道","40158",""
"2011年","01000","北海道","39292",""
"2012年","01000","北海道","38686",""
"2013年","01000","北海道","38190",""
"2014年","01000","北海道","37058",""
"2015年","01000","北海道","36696",""
"2016年","01000","北海道","35129",""
"2017年","01000","北海道","34058",""
"2018年","01000","北海道","32642",""
"2019年","01000","北海道","31020",""
"2020年","01000","北海道","29523",""
"2021年","01000","北海道","28762",""
"2022年","01000","北海道","26407",""
"2023年","01000","北海道","24430",""
"2024年","01000","北海道","22658",""
"2025年","01000","北海道","21802","速報"
"1995年","02000","青森県","13972",""
"1996年","02000","青森県","13955",""
"1997年","02000","青森県","13606",""
"1998年","02000","青森県","13594",""
"1999年","02000","青森県","13146",""
"2000年","02000","青森県","12920",""
"2001年","02000","青森県","12889",""
"2002年","02000","青森県","12434",""
"2003年","02000","青森県","11723",""
"2004年","02000","青森県","11554",""
"2005年","02000","青森県","10524",""
"2006年","02000","青森県","10556",""
"2007年","02000","青森県","10162",""
"2008年","02000","青森県","10187",""
"2009年","02000","青森県","9524",""
"2010年","02000","青森県","9712",""
"2011年","02000","青森県","9532",""
"2012年","02000","青森県","9168",""
"2013年","02000","青森県","9126",""
"2014年","02000","青森県","8853",""
"2015年","02000","青森県","8621",""
"2016年","02000","青森県","8626",""
"2017年","02000","青森県","8035",""
"2018年","02000","青森県","7803",""
"2019年","02000","青森県","7170",""
"2020年","02000","青森県","6837",""
"2021年","02000","青森県","6513",""
"2022年","02000","青森県","5985",""
"2023年","02000","青森県","5696",""
"2024年","02000","青森県","5099",""
"2025年","02000","青森県","4737","速報"
"1995年","03000","岩手県","13021",""
"1996年","03000","岩手県","12845",""
"1997年","03000","岩手県","12423",""
"1998年","03000","岩手県","12778",""
"1999年","03000","岩手県","12420",""
"2000年","03000","岩手県","12410",""
"2001年","03000","岩手県","12272",""
"2002年","03000","岩手県","11862",""
"2003年","03000","岩手県","11376",""
"2004年","03000","岩手県","11167",""
"2005年","03000","岩手県","10545",""
"2006年","03000","岩手県","10556",""
"2007年","03000","岩手県","10344",""
"2008年","03000","岩手県","10223",""
"2009年","03000","岩手県","9904",""
"2010年","03000","岩手県","9745",""
"2011年","03000","岩手県","9310",""
"2012年","03000","岩手県","9277",""
"2013年","03000","岩手県","9231",""
"2014年","03000","岩手県","8803",""
"2015年","03000","岩手県","8814",""
"2016年","03000","岩手県","8342",""
"2017年","03000","岩手県","8175",""
"2018年","03000","岩手県","7615",""
"2019年","03000","岩手県","6974",""
"2020年","03000","岩手県","6718",""
"2021年","03000","岩手県","6472",""
"2022年","03000","岩手県","5788",""
"2023年","03000","岩手県","5432",""
"2024年","03000","岩手県","4896",""
"2025年","03000","岩手県","4823","速報"
"1995年","04000","宮城県","22267",""
"1996年","04000","宮城県","22155",""
"1997年","04000","宮城県","21978",""
"1998年","04000","宮城県","22312",""
"1999年","04000","宮城県","21886",""
"2000年","04000","宮城県","22154",""
"2001年","04000","宮城県","21751",""
"2002年","04000","宮城県","21474",""
"2003年","04000","宮城県","20829",""
"2004年","04000","宮城県","20236",""
"2005年","04000","宮城県","19326",""
"2006年","04000","宮城県","19706",""
"2007年","04000","宮城県","19810",""
"2008年","04000","宮城県","19863",""
"2009年","04000","宮城県","18988",""
"2010年","04000","宮城県","19126",""
"2011年","04000","宮城県","18062",""
"2012年","04000","宮城県","18707",""
"2013年","04000","宮城県","18949",""
"2014年","04000","宮城県","18069",""
"2015年","04000","宮城県","18023",""
"2016年","04000","宮城県","17399",""
"2017年","04000","宮城県","16681",""
"2018年","04000","宮城県","16211",""
"2019年","04000","宮城県","14947",""
"2020年","04000","宮城県","14480",""
"2021年","04000","宮城県","13761",""
"2022年","04000","宮城県","12852",""
"2023年","04000","宮城県","12328",""
"2024年","04000","宮城県","11242",""
"2025年","04000","宮城県","11079","速報"
"1995年","05000","秋田県","9995",""
"1996年","05000","秋田県","9744",""
"1997年","05000","秋田県","9656",""
"1998年","05000","秋田県","9367",""
"1999年","05000","秋田県","9168",""
"2000年","05000","秋田県","9007",""
"2001年","05000","秋田県","8874",""
"2002年","05000","秋田県","8456",""
"2003年","05000","秋田県","8062",""
"2004年","05000","秋田県","7998",""
"2005年","05000","秋田県","7697",""
"2006年","05000","秋田県","7726",""
"2007年","05000","秋田県","7502",""
"2008年","05000","秋田県","7421",""
"2009年","05000","秋田県","7013",""
"2010年","05000","秋田県","6688",""
"2011年","05000","秋田県","6658",""
"2012年","05000","秋田県","6543",""
"2013年","05000","秋田県","6177",""
"2014年","05000","秋田県","5998",""
"2015年","05000","秋田県","5861",""
"2016年","05000","秋田県","5666",""
"2017年","05000","秋田県","5396",""
"2018年","05000","秋田県","5040",""
"2019年","05000","秋田県","4696",""
"2020年","05000","秋田県","4499",""
"2021年","05000","秋田県","4335",""
"2022年","05000","秋田県","3992",""
"2023年","05000","秋田県","3611",""
"2024年","05000","秋田県","3282",""
"2025年","05000","秋田県","3147","速報"
"1995年","06000","山形県","11507",""
"1996年","06000","山形県","11643",""
"1997年","06000","山形県","11215",""
"1998年","06000","山形県","11030",""
"1999年","06000","山形県","10815",""
"2000年","06000","山形県","10919",""
"2001年","06000","山形県","10907",""
"2002年","06000","山形県","10489",""
"2003年","06000","山形県","10087",""
"2004年","06000","山形県","9920",""
"2005年","06000","山形県","9357",""
"2006年","06000","山形県","9513",""
"2007年","06000","山形県","9139",""
"2008年","06000","山形県","9164",""
"2009年","06000","山形県","8715",""
"2010年","06000","山形県","8651",""
"2011年","06000","山形県","8555",""
"2012年","06000","山形県","8212",""
"2013年","06000","山形県","8159",""
"2014年","06000","山形県","7966",""
"2015年","06000","山形県","7831",""
"2016年","06000","山形県","7547",""
"2017年","06000","山形県","7259",""
"2018年","06000","山形県","6973",""
"2019年","06000","山形県","6401",""
"2020年","06000","山形県","6217",""
"2021年","06000","山形県","5898",""
"2022年","06000","山形県","5674",""
"2023年","06000","山形県","5151",""
"2024年","06000","山形県","4699",""
"2025年","06000","山形県","4380","速報"
"1995年","07000","福島県","21306",""
"1996年","07000","福島県","21425",""
"1997年","07000","福島県","20646",""
"1998年","07000","福島県","20743",""
"1999年","07000","福島県","20497",""
"2000年","07000","福島県","20332",""
"2001年","07000","福島県","20008",""
"2002年","07000","福島県","19466",""
"2003年","07000","福島県","18824",""
"2004年","07000","福島県","18306",""
"2005年","07000","福島県","17538",""
"2006年","07000","福島県","17541",""
"2007年","07000","福島県","17101",""
"2008年","07000","福島県","16908",""
"2009年","07000","福島県","16326",""
"2010年","07000","福島県","16126",""
"2011年","07000","福島県","15072",""
"2012年","07000","福島県","13770",""
"2013年","07000","福島県","14546",""
"2014年","07000","福島県","14518",""
"2015年","07000","福島県","14195",""
"2016年","07000","福島県","13745",""
"2017年","07000","福島県","13219",""
"2018年","07000","福島県","12495",""
"2019年","07000","福島県","11552",""
"2020年","07000","福島県","11215",""
"2021年","07000","福島県","10649",""
"2022年","07000","福島県","9709",""
"2023年","07000","福島県","9019",""
"2024年","07000","福島県","8216",""
"2025年","07000","福島県","7842","速報"
"1995年","08000","茨城県","28234",""
"1996年","08000","茨城県","28785",""
"1997年","08000","茨城県","28331",""
"1998年","08000","茨城県","28602",""
"1999年","08000","茨城県","28261",""
"2000年","08000","茨城県","28220",""
"2001年","08000","茨城県","27864",""
"2002年","08000","茨城県","27337",""
"2003年","08000","茨城県","26523",""
"2004年","08000","茨城県","26167",""
"2005年","08000","茨城県","24244",""
"2006年","08000","茨城県","25128",""
"2007年","08000","茨城県","24829",""
"2008年","08000","茨城県","24592",""
"2009年","08000","茨城県","24209",""
"2010年","08000","茨城県","23989",""
"2011年","08000","茨城県","23219",""
"2012年","08000","茨城県","22896",""
"2013年","08000","茨城県","22358",""
"2014年","08000","茨城県","21932",""
"2015年","08000","茨城県","21700",""
"2016年","08000","茨城県","20878",""
"2017年","08000","茨城県","20431",""
"2018年","08000","茨城県","19368",""
"2019年","08000","茨城県","18004",""
"2020年","08000","茨城県","17389",""
"2021年","08000","茨城県","16502",""
"2022年","08000","茨城県","15905",""
"2023年","08000","茨城県","14898",""
"2024年","08000","茨城県","13976",""
"2025年","08000","茨城県","13408","速報"
"1995年","09000","栃木県","18662",""
"1996年","09000","栃木県","19112",""
"1997年","09000","栃木県","18642",""
"1998年","09000","栃木県","18836",""
"1999年","09000","栃木県","18485",""
"2000年","09000","栃木県","18976",""
"2001年","09000","栃木県","18911",""
"2002年","09000","栃木県","18376",""
"2003年","09000","栃木県","18122",""
"2004年","09000","栃木県","17816",""
"2005年","09000","栃木県","17363",""
"2006年","09000","栃木県","17647",""
"2007年","09000","栃木県","17233",""
"2008年","09000","栃木県","17240",""
"2009年","09000","栃木県","17004",""
"2010年","09000","栃木県","16473",""
"2011年","09000","栃木県","15913",""
"2012年","09000","栃木県","15973",""
"2013年","09000","栃木県","15588",""
"2014年","09000","栃木県","15442",""
"2015年","09000","栃木県","15306",""
"2016年","09000","栃木県","14621",""
"2017年","09000","栃木県","14029",""
"2018年","09000","栃木県","13495",""
"2019年","09000","栃木県","12608",""
"2020年","09000","栃木県","11808",""
"2021年","09000","栃木県","11475",""
"2022年","09000","栃木県","10518",""
"2023年","09000","栃木県","9958",""
"2024年","09000","栃木県","9262",""
"2025年","09000","栃木県","8932","速報"
"1995年","10000","群馬県","19431",""
"1996年","10000","群馬県","19761",""
"1997年","10000","群馬県","19481",""
"1998年","10000","群馬県","19422",""
"1999年","10000","群馬県","19111",""
"2000年","10000","群馬県","19445",""
"2001年","10000","群馬県","19024",""
"2002年","10000","群馬県","18763",""
"2003年","10000","群馬県","18337",""
"2004年","10000","群馬県","17745",""
"2005年","10000","群馬県","17134",""
"2006年","10000","群馬県","17061",""
"2007年","10000","群馬県","16817",""
"2008年","10000","群馬県","17044",""
"2009年","10000","群馬県","16310",""
"2010年","10000","群馬県","16023",""
"2011年","10000","群馬県","15637",""
"2012年","10000","群馬県","14914",""
"2013年","10000","群馬県","14732",""
"2014年","10000","群馬県","14522",""
"2015年","10000","群馬県","14256",""
"2016年","10000","群馬県","13661",""
"2017年","10000","群馬県","13280",""
"2018年","10000","群馬県","12922",""
"2019年","10000","群馬県","11901",""
"2020年","10000","群馬県","11660",""
"2021年","10000","群馬県","11236",""
"2022年","10000","群馬県","10688",""
"2023年","10000","群馬県","9950",""
"2024年","10000","群馬県","9334",""
"2025年","10000","群馬県","8950","速報"
"1995年","11000","埼玉県","67750",""
"1996年","11000","埼玉県","68695",""
"1997年","11000","埼玉県","67585",""
"1998年","11000","埼玉県","67144",""
"1999年","11000","埼玉県","65711",""
"2000年","11000","埼玉県","66376",""
"2001年","11000","埼玉県","65417",""
"2002年","11000","埼玉県","64762",""
"2003年","11000","埼玉県","63224",""
"2004年","11000","埼玉県","61946",""
"2005年","11000","埼玉県","59731",""
"2006年","11000","埼玉県","61201",""
"2007年","11000","埼玉県","60818",""
"2008年","11000","埼玉県","60520",""
"2009年","11000","埼玉県","59725",""
"2010年","11000","埼玉県","59437",""
"2011年","11000","埼玉県","58059",""
"2012年","11000","埼玉県","56943",""
"2013年","11000","埼玉県","57470",""
"2014年","11000","埼玉県","55765",""
"2015年","11000","埼玉県","56078",""
"2016年","11000","埼玉県","54452",""
"2017年","11000","埼玉県","53076",""
"2018年","11000","埼玉県","51241",""
"2019年","11000","埼玉県","48298",""
"2020年","11000","埼玉県","47328",""
"2021年","11000","埼玉県","45424",""
"2022年","11000","埼玉県","43451",""
"2023年","11000","埼玉県","42108",""
"2024年","11000","埼玉県","39956",""
"2025年","11000","埼玉県","38812","速報"
"1995年","12000","千葉県","54388",""
"1996年","12000","千葉県","55415",""
"1997年","12000","千葉県","54574",""
"1998年","12000","千葉県","54961",""
"1999年","12000","千葉県","54005",""
"2000年","12000","千葉県","55318",""
"2001年","12000","千葉県","54511",""
"2002年","12000","千葉県","54607",""
"2003年","12000","千葉県","52789",""
"2004年","12000","千葉県","52983",""
"2005年","12000","千葉県","50588",""
"2006年","12000","千葉県","51762",""
"2007年","12000","千葉県","51821",""
"2008年","12000","千葉県","52306",""
"2009年","12000","千葉県","51839",""
"2010年","12000","千葉県","51633",""
"2011年","12000","千葉県","50379",""
"2012年","12000","千葉県","48881",""
"2013年","12000","千葉県","48343",""
"2014年","12000","千葉県","46753",""
"2015年","12000","千葉県","47019",""
"2016年","12000","千葉県","45389",""
"2017年","12000","千葉県","44055",""
"2018年","12000","千葉県","43404",""
"2019年","12000","千葉県","40799",""
"2020年","12000","千葉県","40168",""
"2021年","12000","千葉県","38426",""
"2022年","12000","千葉県","36966",""
"2023年","12000","千葉県","35658",""
"2024年","12000","千葉県","33763",""
"2025年","12000","千葉県","32986","速報"
"1995年","13000","東京都","96823",""
"1996年","13000","東京都","97954",""
"1997年","13000","東京都","97906",""
"1998年","13000","東京都","98960",""
"1999年","13000","東京都","97959",""
"2000年","13000","東京都","100209",""
"2001年","13000","東京都","98421",""
"2002年","13000","東京都","100118",""
"2003年","13000","東京都","98534",""
"2004年","13000","東京都","99272",""
"2005年","13000","東京都","96542",""
"2006年","13000","東京都","101674",""
"2007年","13000","東京都","103837",""
"2008年","13000","東京都","106015",""
"2009年","13000","東京都","106613",""
"2010年","13000","東京都","108135",""
"2011年","13000","東京都","106027",""
"2012年","13000","東京都","107401",""
"2013年","13000","東京都","109986",""
"2014年","13000","東京都","110629",""
"2015年","13000","東京都","113194",""
"2016年","13000","東京都","111964",""
"2017年","13000","東京都","108990",""
"2018年","13000","東京都","107150",""
"2019年","13000","東京都","101818",""
"2020年","13000","東京都","99661",""
"2021年","13000","東京都","95404",""
"2022年","13000","東京都","91097",""
"2023年","13000","東京都","86348",""
"2024年","13000","東京都","84207",""
"2025年","13000","東京都","85064","速報"
"1995年","14000","神奈川県","80692",""
"1996年","14000","神奈川県","82092",""
"1997年","14000","神奈川県","81699",""
"1998年","14000","神奈川県","83104",""
"1999年","14000","神奈川県","81792",""
"2000年","14000","神奈川県","82906",""
"2001年","14000","神奈川県","81839",""
"2002年","14000","神奈川県","81498",""
"2003年","14000","神奈川県","80262",""
"2004年","14000","神奈川県","79441",""
"2005年","14000","神奈川県","76196",""
"2006年","14000","神奈川県","79118",""
"2007年","14000","神奈川県","79193",""
"2008年","14000","神奈川県","79179",""
"2009年","14000","神奈川県","78057",""
"2010年","14000","神奈川県","78077",""
"2011年","14000","神奈川県","76000",""
"2012年","14000","神奈川県","75477",""
"2013年","14000","神奈川県","74320",""
"2014年","14000","神奈川県","72997",""
"2015年","14000","神奈川県","73476",""
"2016年","14000","神奈川県","70649",""
"2017年","14000","神奈川県","68133",""
"2018年","14000","神奈川県","66564",""
"2019年","14000","神奈川県","63035",""
"2020年","14000","神奈川県","60865",""
"2021年","14000","神奈川県","58836",""
"2022年","14000","神奈川県","56498",""
"2023年","14000","神奈川県","53991",""
"2024年","14000","神奈川県","51423",""
"2025年","14000","神奈川県","50209","速報"
"1995年","15000","新潟県","22694",""
"1996年","15000","新潟県","22873",""
"1997年","15000","新潟県","22484",""
"1998年","15000","新潟県","22661",""
"1999年","15000","新潟県","21812",""
"2000年","15000","新潟県","21886",""
"2001年","15000","新潟県","21301",""
"2002年","15000","新潟県","20221",""
"2003年","15000","新潟県","19719",""
"2004年","15000","新潟県","19531",""
"2005年","15000","新潟県","18505",""
"2006年","15000","新潟県","18985",""
"2007年","15000","新潟県","18724",""
"2008年","15000","新潟県","18388",""
"2009年","15000","新潟県","17948",""
"2010年","15000","新潟県","18083",""
"2011年","15000","新潟県","17667",""
"2012年","15000","新潟県","17476",""
"2013年","15000","新潟県","17066",""
"2014年","15000","新潟県","16480",""
"2015年","15000","新潟県","16340",""
"2016年","15000","新潟県","15737",""
"2017年","15000","新潟県","14967",""
"2018年","15000","新潟県","14509",""
"2019年","15000","新潟県","13640",""
"2020年","15000","新潟県","12981",""
"2021年","15000","新潟県","12608",""
"2022年","15000","新潟県","11732",""
"2023年","15000","新潟県","10916",""
"2024年","15000","新潟県","9941",""
"2025年","15000","新潟県","9580","速報"
"1995年","16000","富山県","10049",""
"1996年","16000","富山県","10272",""
"1997年","16000","富山県","10139",""
"1998年","16000","富山県","10117",""
"1999年","16000","富山県","10139",""
"2000年","16000","富山県","10170",""
"2001年","16000","富山県","9994",""
"2002年","16000","富山県","9854",""
"2003年","16000","富山県","9362",""
"2004年","16000","富山県","9396",""
"2005年","16000","富山県","8973",""
"2006年","16000","富山県","8965",""
"2007年","16000","富山県","8728",""
"2008年","16000","富山県","8709",""
"2009年","16000","富山県","8426",""
"2010年","16000","富山県","8188",""
"2011年","16000","富山県","7823",""
"2012年","16000","富山県","7880",""
"2013年","16000","富山県","7722",""
"2014年","16000","富山県","7556",""
"2015年","16000","富山県","7567",""
"2016年","16000","富山県","7302",""
"2017年","16000","富山県","7178",""
"2018年","16000","富山県","6846",""
"2019年","16000","富山県","6604",""
"2020年","16000","富山県","6256",""
"2021年","16000","富山県","6076",""
"2022年","16000","富山県","6022",""
"2023年","16000","富山県","5512",""
"2024年","16000","富山県","5078",""
"2025年","16000","富山県","5125","速報"
"1995年","17000","石川県","11093",""
"1996年","17000","石川県","11484",""
"1997年","17000","石川県","11318",""
"1998年","17000","石川県","11642",""
"1999年","17000","石川県","11290",""
"2000年","17000","石川県","11467",""
"2001年","17000","石川県","11342",""
"2002年","17000","石川県","10886",""
"2003年","17000","石川県","10906",""
"2004年","17000","石川県","10528",""
"2005年","17000","石川県","10049",""
"2006年","17000","石川県","10235",""
"2007年","17000","石川県","10294",""
"2008年","17000","石川県","10199",""
"2009年","17000","石川県","9849",""
"2010年","17000","石川県","9602",""
"2011年","17000","石川県","9555",""
"2012年","17000","石川県","9544",""
"2013年","17000","石川県","9449",""
"2014年","17000","石川県","8961",""
"2015年","17000","石川県","9072",""
"2016年","17000","石川県","8928",""
"2017年","17000","石川県","8696",""
"2018年","17000","石川県","8359",""
"2019年","17000","石川県","7808",""
"2020年","17000","石川県","7712",""
"2021年","17000","石川県","7258",""
"2022年","17000","石川県","7075",""
"2023年","17000","石川県","6757",""
"2024年","17000","石川県","6078",""
"2025年","17000","石川県","6242","速報"
"1995年","18000","福井県","8244",""
"1996年","18000","福井県","8330",""
"1997年","18000","福井県","8132",""
"1998年","18000","福井県","8269",""
"1999年","18000","福井県","8053",""
"2000年","18000","福井県","8036",""
"2001年","18000","福井県","7958",""
"2002年","18000","福井県","7758",""
"2003年","18000","福井県","7446",""
"2004年","18000","福井県","7283",""
"2005年","18000","福井県","7148",""
"2006年","18000","福井県","7324",""
"2007年","18000","福井県","7191",""
"2008年","18000","福井県","7139",""
"2009年","18000","福井県","7042",""
"2010年","18000","福井県","6874",""
"2011年","18000","福井県","6728",""
"2012年","18000","福井県","6712",""
"2013年","18000","福井県","6461",""
"2014年","18000","福井県","6166",""
"2015年","18000","福井県","6230",""
"2016年","18000","福井県","6114",""
"2017年","18000","福井県","5856",""
"2018年","18000","福井県","5826",""
"2019年","18000","福井県","5307",""
"2020年","18000","福井県","5313",""
"2021年","18000","福井県","5223",""
"2022年","18000","福井県","4861",""
"2023年","18000","福井県","4563",""
"2024年","18000","福井県","4383",""
"2025年","18000","福井県","4314","速報"
"1995年","19000","山梨県","8833",""
"1996年","19000","山梨県","8949",""
"1997年","19000","山梨県","8754",""
"1998年","19000","山梨県","8578",""
"1999年","19000","山梨県","8318",""
"2000年","19000","山梨県","8374",""
"2001年","19000","山梨県","8126",""
"2002年","19000","山梨県","7919",""
"2003年","19000","山梨県","7720",""
"2004年","19000","山梨県","7527",""
"2005年","19000","山梨県","7149",""
"2006年","19000","山梨県","7094",""
"2007年","19000","山梨県","6988",""
"2008年","19000","山梨県","6908",""
"2009年","19000","山梨県","6621",""
"2010年","19000","山梨県","6651",""
"2011年","19000","山梨県","6412",""
"2012年","19000","山梨県","6336",""
"2013年","19000","山梨県","6198",""
"2014年","19000","山梨県","6063",""
"2015年","19000","山梨県","5988",""
"2016年","19000","山梨県","5819",""
"2017年","19000","山梨県","5705",""
"2018年","19000","山梨県","5556",""
"2019年","19000","山梨県","5193",""
"2020年","19000","山梨県","5184",""
"2021年","19000","山梨県","4966",""
"2022年","19000","山梨県","4759",""
"2023年","19000","山梨県","4397",""
"2024年","19000","山梨県","4153",""
"2025年","19000","山梨県","4015","速報"
"1995年","20000","長野県","21187",""
"1996年","20000","長野県","21286",""
"1997年","20000","長野県","21133",""
"1998年","20000","長野県","21436",""
"1999年","20000","長野県","20765",""
"2000年","20000","長野県","21194",""
"2001年","20000","長野県","20889",""
"2002年","20000","長野県","20324",""
"2003年","20000","長野県","19735",""
"2004年","20000","長野県","19323",""
"2005年","20000","長野県","18517",""
"2006年","20000","長野県","18775",""
"2007年","20000","長野県","18618",""
"2008年","20000","長野県","18129",""
"2009年","20000","長野県","17310",""
"2010年","20000","長野県","17233",""
"2011年","20000","長野県","16917",""
"2012年","20000","長野県","16661",""
"2013年","20000","長野県","16326",""
"2014年","20000","長野県","15848",""
"2015年","20000","長野県","15639",""
"2016年","20000","長野県","15171",""
"2017年","20000","長野県","14525",""
"2018年","20000","長野県","14184",""
"2019年","20000","長野県","13553",""
"2020年","20000","長野県","12864",""
"2021年","20000","長野県","12514",""
"2022年","20000","長野県","12143",""
"2023年","20000","長野県","11125",""
"2024年","20000","長野県","10513",""
"2025年","20000","長野県","9873","速報"
"1995年","21000","岐阜県","20187",""
"1996年","21000","岐阜県","20546",""
"1997年","21000","岐阜県","19930",""
"1998年","21000","岐阜県","20447",""
"1999年","21000","岐阜県","20151",""
"2000年","21000","岐阜県","20276",""
"2001年","21000","岐阜県","19603",""
"2002年","21000","岐阜県","19617",""
"2003年","21000","岐阜県","19156",""
"2004年","21000","岐阜県","18363",""
"2005年","21000","岐阜県","17706",""
"2006年","21000","岐阜県","18092",""
"2007年","21000","岐阜県","17696",""
"2008年","21000","岐阜県","17506",""
"2009年","21000","岐阜県","17327",""
"2010年","21000","岐阜県","16887",""
"2011年","21000","岐阜県","16851",""
"2012年","21000","岐阜県","16496",""
"2013年","21000","岐阜県","16000",""
"2014年","21000","岐阜県","15138",""
"2015年","21000","岐阜県","15467",""
"2016年","21000","岐阜県","14831",""
"2017年","21000","岐阜県","14040",""
"2018年","21000","岐阜県","13720",""
"2019年","21000","岐阜県","12776",""
"2020年","21000","岐阜県","12092",""
"2021年","21000","岐阜県","11730",""
"2022年","21000","岐阜県","11124",""
"2023年","21000","岐阜県","10469",""
"2024年","21000","岐阜県","9831",""
"2025年","21000","岐阜県","9351","速報"
"1995年","22000","静岡県","35345",""
"1996年","22000","静岡県","36081",""
"1997年","22000","静岡県","35606",""
"1998年","22000","静岡県","35921",""
"1999年","22000","静岡県","35395",""
"2000年","22000","静岡県","35794",""
"2001年","22000","静岡県","35193",""
"2002年","22000","静岡県","35212",""
"2003年","22000","静岡県","34061",""
"2004年","22000","静岡県","33628",""
"2005年","22000","静岡県","31908",""
"2006年","22000","静岡県","32905",""
"2007年","22000","静岡県","33274",""
"2008年","22000","静岡県","32701",""
"2009年","22000","静岡県","31901",""
"2010年","22000","静岡県","31896",""
"2011年","22000","静岡県","31172",""
"2012年","22000","静岡県","30810",""
"2013年","22000","静岡県","30260",""
"2014年","22000","静岡県","28684",""
"2015年","22000","静岡県","28352",""
"2016年","22000","静岡県","27654",""
"2017年","22000","静岡県","26261",""
"2018年","22000","静岡県","25192",""
"2019年","22000","静岡県","23457",""
"2020年","22000","静岡県","22497",""
"2021年","22000","静岡県","21571",""
"2022年","22000","静岡県","20575",""
"2023年","22000","静岡県","18969",""
"2024年","22000","静岡県","17439",""
"2025年","22000","静岡県","17092","速報"
"1995年","23000","愛知県","71899",""
"1996年","23000","愛知県","73377",""
"1997年","23000","愛知県","72992",""
"1998年","23000","愛知県","75206",""
"1999年","23000","愛知県","73738",""
"2000年","23000","愛知県","74736",""
"2001年","23000","愛知県","73057",""
"2002年","23000","愛知県","71823",""
"2003年","23000","愛知県","70236",""
"2004年","23000","愛知県","70417",""
"2005年","23000","愛知県","67110",""
"2006年","23000","愛知県","69999",""
"2007年","23000","愛知県","70218",""
"2008年","23000","愛知県","71029",""
"2009年","23000","愛知県","69768",""
"2010年","23000","愛知県","69872",""
"2011年","23000","愛知県","68973",""
"2012年","23000","愛知県","67913",""
"2013年","23000","愛知県","66825",""
"2014年","23000","愛知県","65219",""
"2015年","23000","愛知県","65615",""
"2016年","23000","愛知県","64231",""
"2017年","23000","愛知県","62436",""
"2018年","23000","愛知県","61230",""
"2019年","23000","愛知県","57145",""
"2020年","23000","愛知県","55613",""
"2021年","23000","愛知県","53918",""
"2022年","23000","愛知県","51152",""
"2023年","23000","愛知県","48402",""
"2024年","23000","愛知県","45514",""
"2025年","23000","愛知県","44290","速報"
"1995年","24000","三重県","17500",""
"1996年","24000","三重県","17780",""
"1997年","24000","三重県","17660",""
"1998年","24000","三重県","17829",""
"1999年","24000","三重県","17375",""
"2000年","24000","三重県","17726",""
"2001年","24000","三重県","17094",""
"2002年","24000","三重県","17190",""
"2003年","24000","三重県","16497",""
"2004年","24000","三重県","16287",""
"2005年","24000","三重県","15345",""
"2006年","24000","三重県","15816",""
"2007年","24000","三重県","15716",""
"2008年","24000","三重県","15633",""
"2009年","24000","三重県","15614",""
"2010年","24000","三重県","15262",""
"2011年","24000","三重県","15080",""
"2012年","24000","三重県","14729",""
"2013年","24000","三重県","14514",""
"2014年","24000","三重県","13727",""
"2015年","24000","三重県","13950",""
"2016年","24000","三重県","13376",""
"2017年","24000","三重県","12663",""
"2018年","24000","三重県","12582",""
"2019年","24000","三重県","11690",""
"2020年","24000","三重県","11141",""
"2021年","24000","三重県","10980",""
"2022年","24000","三重県","10489",""
"2023年","24000","三重県","9524",""
"2024年","24000","三重県","8896",""
"2025年","24000","三重県","8792","速報"
"1995年","25000","滋賀県","13320",""
"1996年","25000","滋賀県","13897",""
"1997年","25000","滋賀県","13708",""
"1998年","25000","滋賀県","14032",""
"1999年","25000","滋賀県","14040",""
"2000年","25000","滋賀県","14087",""
"2001年","25000","滋賀県","14015",""
"2002年","25000","滋賀県","13938",""
"2003年","25000","滋賀県","13624",""
"2004年","25000","滋賀県","13627",""
"2005年","25000","滋賀県","12899",""
"2006年","25000","滋賀県","13448",""
"2007年","25000","滋賀県","13343",""
"2008年","25000","滋賀県","13487",""
"2009年","25000","滋賀県","13151",""
"2010年","25000","滋賀県","13363",""
"2011年","25000","滋賀県","13338",""
"2012年","25000","滋賀県","13236",""
"2013年","25000","滋賀県","13015",""
"2014年","25000","滋賀県","12729",""
"2015年","25000","滋賀県","12622",""
"2016年","25000","滋賀県","12073",""
"2017年","25000","滋賀県","11600",""
"2018年","25000","滋賀県","11350",""
"2019年","25000","滋賀県","10627",""
"2020年","25000","滋賀県","10437",""
"2021年","25000","滋賀県","10130",""
"2022年","25000","滋賀県","9766",""
"2023年","25000","滋賀県","9249",""
"2024年","25000","滋賀県","8795",""
"2025年","25000","滋賀県","8708","速報"
"1995年","26000","京都府","23219",""
"1996年","26000","京都府","24023",""
"1997年","26000","京都府","23595",""
"1998年","26000","京都府","24312",""
"1999年","26000","京都府","23831",""
"2000年","26000","京都府","23997",""
"2001年","26000","京都府","23364",""
"2002年","26000","京都府","22859",""
"2003年","26000","京都府","22371",""
"2004年","26000","京都府","22066",""
"2005年","26000","京都府","21560",""
"2006年","26000","京都府","22100",""
"2007年","26000","京都府","21597",""
"2008年","26000","京都府","21842",""
"2009年","26000","京都府","21058",""
"2010年","26000","京都府","21234",""
"2011年","26000","京都府","20707",""
"2012年","26000","京都府","20111",""
"2013年","26000","京都府","20106",""
"2014年","26000","京都府","19583",""
"2015年","26000","京都府","19663",""
"2016年","26000","京都府","19327",""
"2017年","26000","京都府","18521",""
"2018年","26000","京都府","17909",""
"2019年","26000","京都府","16993",""
"2020年","26000","京都府","16440",""
"2021年","26000","京都府","15818",""
"2022年","26000","京都府","15068",""
"2023年","26000","京都府","13882",""
"2024年","26000","京都府","12938",""
"2025年","26000","京都府","12677","速報"
"1995年","27000","大阪府","86076",""
"1996年","27000","大阪府","89291",""
"1997年","27000","大阪府","89043",""
"1998年","27000","大阪府","90324",""
"1999年","27000","大阪府","88385",""
"2000年","27000","大阪府","88163",""
"2001年","27000","大阪府","86000",""
"2002年","27000","大阪府","83883",""
"2003年","27000","大阪府","81001",""
"2004年","27000","大阪府","79719",""
"2005年","27000","大阪府","76111",""
"2006年","27000","大阪府","77641",""
"2007年","27000","大阪府","76914",""
"2008年","27000","大阪府","77400",""
"2009年","27000","大阪府","75250",""
"2010年","27000","大阪府","75080",""
"2011年","27000","大阪府","73919",""
"2012年","27000","大阪府","73012",""
"2013年","27000","大阪府","72054",""
"2014年","27000","大阪府","69968",""
"2015年","27000","大阪府","70596",""
"2016年","27000","大阪府","68817",""
"2017年","27000","大阪府","66605",""
"2018年","27000","大阪府","65446",""
"2019年","27000","大阪府","62557",""
"2020年","27000","大阪府","61878",""
"2021年","27000","大阪府","59780",""
"2022年","27000","大阪府","57315",""
"2023年","27000","大阪府","55292",""
"2024年","27000","大阪府","53351",""
"2025年","27000","大阪府","52598","速報"
"1995年","28000","兵庫県","51947",""
"1996年","28000","兵庫県","53131",""
"1997年","28000","兵庫県","53356",""
"1998年","28000","兵庫県","54421",""
"1999年","28000","兵庫県","53765",""
"2000年","28000","兵庫県","54455",""
"2001年","28000","兵庫県","52585",""
"2002年","28000","兵庫県","52314",""
"2003年","28000","兵庫県","50520",""
"2004年","28000","兵庫県","49789",""
"2005年","28000","兵庫県","47273",""
"2006年","28000","兵庫県","48771",""
"2007年","28000","兵庫県","48685",""
"2008年","28000","兵庫県","48833",""
"2009年","28000","兵庫県","47592",""
"2010年","28000","兵庫県","47834",""
"2011年","28000","兵庫県","47351",""
"2012年","28000","兵庫県","46436",""
"2013年","28000","兵庫県","45673",""
"2014年","28000","兵庫県","44352",""
"2015年","28000","兵庫県","44016",""
"2016年","28000","兵庫県","43379",""
"2017年","28000","兵庫県","41606",""
"2018年","28000","兵庫県","39713",""
"2019年","28000","兵庫県","38043",""
"2020年","28000","兵庫県","36953",""
"2021年","28000","兵庫県","35581",""
"2022年","28000","兵庫県","33565",""
"2023年","28000","兵庫県","32615",""
"2024年","28000","兵庫県","30535",""
"2025年","28000","兵庫県","30110","速報"
"1995年","29000","奈良県","13337",""
"1996年","29000","奈良県","13663",""
"1997年","29000","奈良県","13444",""
"1998年","29000","奈良県","13779",""
"1999年","29000","奈良県","13158",""
"2000年","29000","奈良県","13270",""
"2001年","29000","奈良県","12768",""
"2002年","29000","奈良県","12472",""
"2003年","29000","奈良県","12137",""
"2004年","29000","奈良県","11749",""
"2005年","29000","奈良県","11184",""
"2006年","29000","奈良県","11476",""
"2007年","29000","奈良県","11261",""
"2008年","29000","奈良県","10981",""
"2009年","29000","奈良県","10758",""
"2010年","29000","奈良県","10694",""
"2011年","29000","奈良県","10400",""
"2012年","29000","奈良県","10565",""
"2013年","29000","奈良県","10190",""
"2014年","29000","奈良県","9625",""
"2015年","29000","奈良県","9832",""
"2016年","29000","奈良県","9430",""
"2017年","29000","奈良県","8965",""
"2018年","29000","奈良県","8947",""
"2019年","29000","奈良県","8323",""
"2020年","29000","奈良県","7831",""
"2021年","29000","奈良県","7751",""
"2022年","29000","奈良県","7315",""
"2023年","29000","奈良県","6943",""
"2024年","29000","奈良県","6697",""
"2025年","29000","奈良県","6409","速報"
"1995年","30000","和歌山県","9879",""
"1996年","30000","和歌山県","10131",""
"1997年","30000","和歌山県","9789",""
"1998年","30000","和歌山県","9886",""
"1999年","30000","和歌山県","9563",""
"2000年","30000","和歌山県","9566",""
"2001年","30000","和歌山県","9345",""
"2002年","30000","和歌山県","8943",""
"2003年","30000","和歌山県","8561",""
"2004年","30000","和歌山県","8153",""
"2005年","30000","和歌山県","7835",""
"2006年","30000","和歌山県","7930",""
"2007年","30000","和歌山県","7689",""
"2008年","30000","和歌山県","7866",""
"2009年","30000","和歌山県","7516",""
"2010年","30000","和歌山県","7587",""
"2011年","30000","和歌山県","7460",""
"2012年","30000","和歌山県","7424",""
"2013年","30000","和歌山県","7122",""
"2014年","30000","和歌山県","7140",""
"2015年","30000","和歌山県","7030",""
"2016年","30000","和歌山県","6659",""
"2017年","30000","和歌山県","6465",""
"2018年","30000","和歌山県","6070",""
"2019年","30000","和歌山県","5869",""
"2020年","30000","和歌山県","5732",""
"2021年","30000","和歌山県","5514",""
"2022年","30000","和歌山県","5238",""
"2023年","30000","和歌山県","4901",""
"2024年","30000","和歌山県","4457",""
"2025年","30000","和歌山県","4246","速報"
"1995年","31000","鳥取県","5723",""
"1996年","31000","鳥取県","5582",""
"1997年","31000","鳥取県","5603",""
"1998年","31000","鳥取県","5624",""
"1999年","31000","鳥取県","5352",""
"2000年","31000","鳥取県","5645",""
"2001年","31000","鳥取県","5595",""
"2002年","31000","鳥取県","5365",""
"2003年","31000","鳥取県","5473",""
"2004年","31000","鳥取県","5275",""
"2005年","31000","鳥取県","5012",""
"2006年","31000","鳥取県","5186",""
"2007年","31000","鳥取県","5015",""
"2008年","31000","鳥取県","4878",""
"2009年","31000","鳥取県","4876",""
"2010年","31000","鳥取県","4790",""
"2011年","31000","鳥取県","4931",""
"2012年","31000","鳥取県","4771",""
"2013年","31000","鳥取県","4759",""
"2014年","31000","鳥取県","4527",""
"2015年","31000","鳥取県","4624",""
"2016年","31000","鳥取県","4436",""
"2017年","31000","鳥取県","4310",""
"2018年","31000","鳥取県","4190",""
"2019年","31000","鳥取県","3988",""
"2020年","31000","鳥取県","3783",""
"2021年","31000","鳥取県","3708",""
"2022年","31000","鳥取県","3752",""
"2023年","31000","鳥取県","3263",""
"2024年","31000","鳥取県","3092",""
"2025年","31000","鳥取県","2973","速報"
"1995年","32000","島根県","6764",""
"1996年","32000","島根県","6828",""
"1997年","32000","島根県","6518",""
"1998年","32000","島根県","6491",""
"1999年","32000","島根県","6394",""
"2000年","32000","島根県","6522",""
"2001年","32000","島根県","6640",""
"2002年","32000","島根県","6318",""
"2003年","32000","島根県","6092",""
"2004年","32000","島根県","6104",""
"2005年","32000","島根県","5697",""
"2006年","32000","島根県","6011",""
"2007年","32000","島根県","5914",""
"2008年","32000","島根県","5685",""
"2009年","32000","島根県","5601",""
"2010年","32000","島根県","5756",""
"2011年","32000","島根県","5582",""
"2012年","32000","島根県","5585",""
"2013年","32000","島根県","5534",""
"2014年","32000","島根県","5359",""
"2015年","32000","島根県","5551",""
"2016年","32000","島根県","5300",""
"2017年","32000","島根県","5109",""
"2018年","32000","島根県","4887",""
"2019年","32000","島根県","4594",""
"2020年","32000","島根県","4473",""
"2021年","32000","島根県","4415",""
"2022年","32000","島根県","4161",""
"2023年","32000","島根県","3759",""
"2024年","32000","島根県","3622",""
"2025年","32000","島根県","3339","速報"
"1995年","33000","岡山県","18622",""
"1996年","33000","岡山県","19143",""
"1997年","33000","岡山県","19154",""
"1998年","33000","岡山県","19204",""
"1999年","33000","岡山県","18771",""
"2000年","33000","岡山県","19059",""
"2001年","33000","岡山県","18797",""
"2002年","33000","岡山県","18509",""
"2003年","33000","岡山県","17770",""
"2004年","33000","岡山県","17655",""
"2005年","33000","岡山県","16688",""
"2006年","33000","岡山県","17279",""
"2007年","33000","岡山県","17099",""
"2008年","33000","岡山県","17044",""
"2009年","33000","岡山県","16387",""
"2010年","33000","岡山県","16759",""
"2011年","33000","岡山県","16635",""
"2012年","33000","岡山県","16279",""
"2013年","33000","岡山県","16210",""
"2014年","33000","岡山県","15837",""
"2015年","33000","岡山県","15599",""
"2016年","33000","岡山県","15477",""
"2017年","33000","岡山県","14910",""
"2018年","33000","岡山県","14485",""
"2019年","33000","岡山県","13695",""
"2020年","33000","岡山県","13521",""
"2021年","33000","岡山県","13107",""
"2022年","33000","岡山県","12371",""
"2023年","33000","岡山県","11575",""
"2024年","33000","岡山県","10926",""
"2025年","33000","岡山県","10426","速報"
"1995年","34000","広島県","27609",""
"1996年","34000","広島県","28081",""
"1997年","34000","広島県","27942",""
"1998年","34000","広島県","27914",""
"1999年","34000","広島県","27119",""
"2000年","34000","広島県","27384",""
"2001年","34000","広島県","27328",""
"2002年","34000","広島県","26508",""
"2003年","34000","広島県","26285",""
"2004年","34000","広島県","25734",""
"2005年","34000","広島県","24740",""
"2006年","34000","広島県","25330",""
"2007年","34000","広島県","25887",""
"2008年","34000","広島県","25560",""
"2009年","34000","広島県","25596",""
"2010年","34000","広島県","25546",""
"2011年","34000","広島県","25469",""
"2012年","34000","広島県","24846",""
"2013年","34000","広島県","24713",""
"2014年","34000","広島県","23776",""
"2015年","34000","広島県","23679",""
"2016年","34000","広島県","22736",""
"2017年","34000","広島県","22150",""
"2018年","34000","広島県","21363",""
"2019年","34000","広島県","20034",""
"2020年","34000","広島県","19606",""
"2021年","34000","広島県","18636",""
"2022年","34000","広島県","17903",""
"2023年","34000","広島県","16682",""
"2024年","34000","広島県","15765",""
"2025年","34000","広島県","15237","速報"
"1995年","35000","山口県","13240",""
"1996年","35000","山口県","13351",""
"1997年","35000","山口県","13226",""
"1998年","35000","山口県","13275",""
"1999年","35000","山口県","13138",""
"2000年","35000","山口県","13121",""
"2001年","35000","山口県","12989",""
"2002年","35000","山口県","12578",""
"2003年","35000","山口県","12166",""
"2004年","35000","山口県","12020",""
"2005年","35000","山口県","11514",""
"2006年","35000","山口県","11692",""
"2007年","35000","山口県","11714",""
"2008年","35000","山口県","11560",""
"2009年","35000","山口県","11312",""
"2010年","35000","山口県","11551",""
"2011年","35000","山口県","11222",""
"2012年","35000","山口県","10797",""
"2013年","35000","山口県","10705",""
"2014年","35000","山口県","10197",""
"2015年","35000","山口県","10360",""
"2016年","35000","山口県","9844",""
"2017年","35000","山口県","9455",""
"2018年","35000","山口県","8987",""
"2019年","35000","山口県","8771",""
"2020年","35000","山口県","8203",""
"2021年","35000","山口県","7978",""
"2022年","35000","山口県","7762",""
"2023年","35000","山口県","7189",""
"2024年","35000","山口県","6777",""
"2025年","35000","山口県","6401","速報"
"1995年","36000","徳島県","7472",""
"1996年","36000","徳島県","7390",""
"1997年","36000","徳島県","7176",""
"1998年","36000","徳島県","7255",""
"1999年","36000","徳島県","7135",""
"2000年","36000","徳島県","7224",""
"2001年","36000","徳島県","7038",""
"2002年","36000","徳島県","6836",""
"2003年","36000","徳島県","6556",""
"2004年","36000","徳島県","6493",""
"2005年","36000","徳島県","5913",""
"2006年","36000","徳島県","6257",""
"2007年","36000","徳島県","6011",""
"2008年","36000","徳島県","5893",""
"2009年","36000","徳島県","5898",""
"2010年","36000","徳島県","5904",""
"2011年","36000","徳島県","5914",""
"2012年","36000","徳島県","5744",""
"2013年","36000","徳島県","5666",""
"2014年","36000","徳島県","5502",""
"2015年","36000","徳島県","5586",""
"2016年","36000","徳島県","5346",""
"2017年","36000","徳島県","5182",""
"2018年","36000","徳島県","4998",""
"2019年","36000","徳島県","4554",""
"2020年","36000","徳島県","4521",""
"2021年","36000","徳島県","4337",""
"2022年","36000","徳島県","4148",""
"2023年","36000","徳島県","3903",""
"2024年","36000","徳島県","3547",""
"2025年","36000","徳島県","3527","速報"
"1995年","37000","香川県","9301",""
"1996年","37000","香川県","9311",""
"1997年","37000","香川県","9511",""
"1998年","37000","香川県","9664",""
"1999年","37000","香川県","9651",""
"2000年","37000","香川県","9808",""
"2001年","37000","香川県","9472",""
"2002年","37000","香川県","9438",""
"2003年","37000","香川県","9123",""
"2004年","37000","香川県","9068",""
"2005年","37000","香川県","8686",""
"2006年","37000","香川県","8664",""
"2007年","37000","香川県","8701",""
"2008年","37000","香川県","8600",""
"2009年","37000","香川県","8366",""
"2010年","37000","香川県","8397",""
"2011年","37000","香川県","8311",""
"2012年","37000","香川県","8161",""
"2013年","37000","香川県","8059",""
"2014年","37000","香川県","7745",""
"2015年","37000","香川県","7719",""
"2016年","37000","香川県","7510",""
"2017年","37000","香川県","7387",""
"2018年","37000","香川県","6899",""
"2019年","37000","香川県","6631",""
"2020年","37000","香川県","6179",""
"2021年","37000","香川県","6223",""
"2022年","37000","香川県","5802",""
"2023年","37000","香川県","5365",""
"2024年","37000","香川県","5059",""
"2025年","37000","香川県","5103","速報"
"1995年","38000","愛媛県","13849",""
"1996年","38000","愛媛県","13739",""
"1997年","38000","愛媛県","13710",""
"1998年","38000","愛媛県","13606",""
"1999年","38000","愛媛県","13046",""
"2000年","38000","愛媛県","13207",""
"2001年","38000","愛媛県","13006",""
"2002年","38000","愛媛県","12488",""
"2003年","38000","愛媛県","12534",""
"2004年","38000","愛媛県","12057",""
"2005年","38000","愛媛県","11528",""
"2006年","38000","愛媛県","11752",""
"2007年","38000","愛媛県","11753",""
"2008年","38000","愛媛県","11561",""
"2009年","38000","愛媛県","11507",""
"2010年","38000","愛媛県","11427",""
"2011年","38000","愛媛県","11329",""
"2012年","38000","愛媛県","11130",""
"2013年","38000","愛媛県","10696",""
"2014年","38000","愛媛県","10399",""
"2015年","38000","愛媛県","10146",""
"2016年","38000","愛媛県","9911",""
"2017年","38000","愛媛県","9569",""
"2018年","38000","愛媛県","9330",""
"2019年","38000","愛媛県","8446",""
"2020年","38000","愛媛県","8102",""
"2021年","38000","愛媛県","8011",""
"2022年","38000","愛媛県","7572",""
"2023年","38000","愛媛県","6950",""
"2024年","38000","愛媛県","6557",""
"2025年","38000","愛媛県","6422","速報"
"1995年","39000","高知県","6939",""
"1996年","39000","高知県","7185",""
"1997年","39000","高知県","6807",""
"1998年","39000","高知県","6761",""
"1999年","39000","高知県","6649",""
"2000年","39000","高知県","6811",""
"2001年","39000","高知県","6736",""
"2002年","39000","高知県","6513",""
"2003年","39000","高知県","6244",""
"2004年","39000","高知県","6084",""
"2005年","39000","高知県","5916",""
"2006年","39000","高知県","6015",""
"2007年","39000","高知県","5717",""
"2008年","39000","高知県","5788",""
"2009年","39000","高知県","5415",""
"2010年","39000","高知県","5518",""
"2011年","39000","高知県","5244",""
"2012年","39000","高知県","5266",""
"2013年","39000","高知県","5266",""
"2014年","39000","高知県","5015",""
"2015年","39000","高知県","5052",""
"2016年","39000","高知県","4779",""
"2017年","39000","高知県","4837",""
"2018年","39000","高知県","4559",""
"2019年","39000","高知県","4270",""
"2020年","39000","高知県","4082",""
"2021年","39000","高知県","4090",""
"2022年","39000","高知県","3721",""
"2023年","39000","高知県","3380",""
"2024年","39000","高知県","3108",""
"2025年","39000","高知県","3079","速報"
"1995年","40000","福岡県","46849",""
"1996年","40000","福岡県","47948",""
"1997年","40000","福岡県","47539",""
"1998年","40000","福岡県","47811",""
"1999年","40000","福岡県","46682",""
"2000年","40000","福岡県","47290",""
"2001年","40000","福岡県","46985",""
"2002年","40000","福岡県","46443",""
"2003年","40000","福岡県","45035",""
"2004年","40000","福岡県","45143",""
"2005年","40000","福岡県","43421",""
"2006年","40000","福岡県","45304",""
"2007年","40000","福岡県","46393",""
"2008年","40000","福岡県","46695",""
"2009年","40000","福岡県","46084",""
"2010年","40000","福岡県","46818",""
"2011年","40000","福岡県","46220",""
"2012年","40000","福岡県","45815",""
"2013年","40000","福岡県","45898",""
"2014年","40000","福岡県","45203",""
"2015年","40000","福岡県","45236",""
"2016年","40000","福岡県","44036",""
"2017年","40000","福岡県","43440",""
"2018年","40000","福岡県","42008",""
"2019年","40000","福岡県","39754",""
"2020年","40000","福岡県","38966",""
"2021年","40000","福岡県","37540",""
"2022年","40000","福岡県","35970",""
"2023年","40000","福岡県","33942",""
"2024年","40000","福岡県","32280",""
"2025年","40000","福岡県","31710","速報"
"1995年","41000","佐賀県","8729",""
"1996年","41000","佐賀県","8941",""
"1997年","41000","佐賀県","8909",""
"1998年","41000","佐賀県","8741",""
"1999年","41000","佐賀県","8551",""
"2000年","41000","佐賀県","8745",""
"2001年","41000","佐賀県","8561",""
"2002年","41000","佐賀県","8202",""
"2003年","41000","佐賀県","7898",""
"2004年","41000","佐賀県","7844",""
"2005年","41000","佐賀県","7508",""
"2006年","41000","佐賀県","7647",""
"2007年","41000","佐賀県","7703",""
"2008年","41000","佐賀県","7819",""
"2009年","41000","佐賀県","7518",""
"2010年","41000","佐賀県","7640",""
"2011年","41000","佐賀県","7613",""
"2012年","41000","佐賀県","7440",""
"2013年","41000","佐賀県","7276",""
"2014年","41000","佐賀県","7159",""
"2015年","41000","佐賀県","7064",""
"2016年","41000","佐賀県","6811",""
"2017年","41000","佐賀県","6743",""
"2018年","41000","佐賀県","6535",""
"2019年","41000","佐賀県","6231",""
"2020年","41000","佐賀県","6004",""
"2021年","41000","佐賀県","5853",""
"2022年","41000","佐賀県","5552",""
"2023年","41000","佐賀県","5144",""
"2024年","41000","佐賀県","4824",""
"2025年","41000","佐賀県","4611","速報"
"1995年","42000","長崎県","14780",""
"1996年","42000","長崎県","15182",""
"1997年","42000","長崎県","14431",""
"1998年","42000","長崎県","14672",""
"1999年","42000","長崎県","14121",""
"2000年","42000","長崎県","14098",""
"2001年","42000","長崎県","13789",""
"2002年","42000","長崎県","13260",""
"2003年","42000","長崎県","12971",""
"2004年","42000","長崎県","12947",""
"2005年","42000","長崎県","12148",""
"2006年","42000","長崎県","12410",""
"2007年","42000","長崎県","12175",""
"2008年","42000","長崎県","12173",""
"2009年","42000","長崎県","11838",""
"2010年","42000","長崎県","12004",""
"2011年","42000","長崎県","11727",""
"2012年","42000","長崎県","11723",""
"2013年","42000","長崎県","11566",""
"2014年","42000","長崎県","11323",""
"2015年","42000","長崎県","11020",""
"2016年","42000","長崎県","10886",""
"2017年","42000","長崎県","10558",""
"2018年","42000","長崎県","10135",""
"2019年","42000","長崎県","9585",""
"2020年","42000","長崎県","9182",""
"2021年","42000","長崎県","8862",""
"2022年","42000","長崎県","8364",""
"2023年","42000","長崎県","7656",""
"2024年","42000","長崎県","7000",""
"2025年","42000","長崎県","6846","速報"
"1995年","43000","熊本県","17895",""
"1996年","43000","熊本県","18035",""
"1997年","43000","熊本県","17451",""
"1998年","43000","熊本県","17443",""
"1999年","43000","熊本県","17109",""
"2000年","43000","熊本県","17262",""
"2001年","43000","熊本県","16960",""
"2002年","43000","熊本県","16839",""
"2003年","43000","熊本県","16339",""
"2004年","43000","熊本県","16313",""
"2005年","43000","熊本県","15645",""
"2006年","43000","熊本県","16189",""
"2007年","43000","熊本県","16307",""
"2008年","43000","熊本県","16462",""
"2009年","43000","熊本県","16221",""
"2010年","43000","熊本県","16246",""
"2011年","43000","熊本県","16118",""
"2012年","43000","熊本県","15996",""
"2013年","43000","熊本県","15954",""
"2014年","43000","熊本県","15558",""
"2015年","43000","熊本県","15577",""
"2016年","43000","熊本県","14896",""
"2017年","43000","熊本県","14657",""
"2018年","43000","熊本県","14301",""
"2019年","43000","熊本県","13305",""
"2020年","43000","熊本県","13011",""
"2021年","43000","熊本県","12670",""
"2022年","43000","熊本県","11875",""
"2023年","43000","熊本県","11189",""
"2024年","43000","熊本県","10337",""
"2025年","43000","熊本県","10193","速報"
"1995年","44000","大分県","11125",""
"1996年","44000","大分県","11344",""
"1997年","44000","大分県","11103",""
"1998年","44000","大分県","11129",""
"1999年","44000","大分県","10714",""
"2000年","44000","大分県","10910",""
"2001年","44000","大分県","10891",""
"2002年","44000","大分県","10424",""
"2003年","44000","大分県","10213",""
"2004年","44000","大分県","10024",""
"2005年","44000","大分県","9780",""
"2006年","44000","大分県","10156",""
"2007年","44000","大分県","10162",""
"2008年","44000","大分県","10306",""
"2009年","44000","大分県","9961",""
"2010年","44000","大分県","10072",""
"2011年","44000","大分県","9988",""
"2012年","44000","大分県","9650",""
"2013年","44000","大分県","9605",""
"2014年","44000","大分県","9280",""
"2015年","44000","大分県","9113",""
"2016年","44000","大分県","9059",""
"2017年","44000","大分県","8658",""
"2018年","44000","大分県","8200",""
"2019年","44000","大分県","7624",""
"2020年","44000","大分県","7582",""
"2021年","44000","大分県","7327",""
"2022年","44000","大分県","6798",""
"2023年","44000","大分県","6259",""
"2024年","44000","大分県","5957",""
"2025年","44000","大分県","5666","速報"
"1995年","45000","宮崎県","11693",""
"1996年","45000","宮崎県","11792",""
"1997年","45000","宮崎県","11501",""
"1998年","45000","宮崎県","11335",""
"1999年","45000","宮崎県","10938",""
"2000年","45000","宮崎県","11037",""
"2001年","45000","宮崎県","11007",""
"2002年","45000","宮崎県","10657",""
"2003年","45000","宮崎県","10220",""
"2004年","45000","宮崎県","10267",""
"2005年","45000","宮崎県","9738",""
"2006年","45000","宮崎県","10094",""
"2007年","45000","宮崎県","10337",""
"2008年","45000","宮崎県","10292",""
"2009年","45000","宮崎県","10170",""
"2010年","45000","宮崎県","10217",""
"2011年","45000","宮崎県","10152",""
"2012年","45000","宮崎県","9858",""
"2013年","45000","宮崎県","9854",""
"2014年","45000","宮崎県","9509",""
"2015年","45000","宮崎県","9226",""
"2016年","45000","宮崎県","8929",""
"2017年","45000","宮崎県","8797",""
"2018年","45000","宮崎県","8434",""
"2019年","45000","宮崎県","8043",""
"2020年","45000","宮崎県","7720",""
"2021年","45000","宮崎県","7590",""
"2022年","45000","宮崎県","7136",""
"2023年","45000","宮崎県","6502",""
"2024年","45000","宮崎県","6000",""
"2025年","45000","宮崎県","5923","速報"
"1995年","46000","鹿児島県","16649",""
"1996年","46000","鹿児島県","16858",""
"1997年","46000","鹿児島県","16427",""
"1998年","46000","鹿児島県","16227",""
"1999年","46000","鹿児島県","15663",""
"2000年","46000","鹿児島県","16272",""
"2001年","46000","鹿児島県","15943",""
"2002年","46000","鹿児島県","15755",""
"2003年","46000","鹿児島県","15535",""
"2004年","46000","鹿児島県","15198",""
"2005年","46000","鹿児島県","14834",""
"2006年","46000","鹿児島県","15080",""
"2007年","46000","鹿児島県","15090",""
"2008年","46000","鹿児島県","15445",""
"2009年","46000","鹿児島県","14920",""
"2010年","46000","鹿児島県","15124",""
"2011年","46000","鹿児島県","15244",""
"2012年","46000","鹿児島県","14841",""
"2013年","46000","鹿児島県","14637",""
"2014年","46000","鹿児島県","14236",""
"2015年","46000","鹿児島県","14125",""
"2016年","46000","鹿児島県","13688",""
"2017年","46000","鹿児島県","13209",""
"2018年","46000","鹿児島県","12956",""
"2019年","46000","鹿児島県","11977",""
"2020年","46000","鹿児島県","11638",""
"2021年","46000","鹿児島県","11618",""
"2022年","46000","鹿児島県","10540",""
"2023年","46000","鹿児島県","9868",""
"2024年","46000","鹿児島県","8939",""
"2025年","46000","鹿児島県","8661","速報"
"1995年","47000","沖縄県","16751",""
"1996年","47000","沖縄県","17064",""
"1997年","47000","沖縄県","16614",""
"1998年","47000","沖縄県","16928",""
"1999年","47000","沖縄県","16680",""
"2000年","47000","沖縄県","16773",""
"2001年","47000","沖縄県","17169",""
"2002年","47000","沖縄県","16571",""
"2003年","47000","沖縄県","16303",""
"2004年","47000","沖縄県","16362",""
"2005年","47000","沖縄県","16115",""
"2006年","47000","沖縄県","16483",""
"2007年","47000","沖縄県","16588",""
"2008年","47000","沖縄県","16736",""
"2009年","47000","沖縄県","16744",""
"2010年","47000","沖縄県","17098",""
"2011年","47000","沖縄県","16918",""
"2012年","47000","沖縄県","17074",""
"2013年","47000","沖縄県","17209",""
"2014年","47000","沖縄県","16375",""
"2015年","47000","沖縄県","16942",""
"2016年","47000","沖縄県","16617",""
"2017年","47000","沖縄県","16218",""
"2018年","47000","沖縄県","15732",""
"2019年","47000","沖縄県","14902",""
"2020年","47000","沖縄県","14943",""
"2021年","47000","沖縄県","14535",""
"2022年","47000","沖縄県","13594",""
"2023年","47000","沖縄県","12549",""
"2024年","47000","沖縄県","11753",""
"2025年","47000","沖縄県","11511","速報"
